Date,longitude,latitude
2018/10/12,5.447364,43.247260
2017/07/25,5.446932,43.250517
2008/08/14,5.459449,43.250860
2002/09/05,5.473000,43.247311
2015/09/23,5.465258,43.241069
2012/07/06,5.453407,43.255911
2013/08/06,5.461932,43.250845
2005/11/07,5.460825,43.242661
2011/06/17,5.444252,43.251785
2021/08/31,5.460899,43.256173
2023/09/26,5.456499,43.257322
2019/09/24,5.465308,43.263960
2021/09/08,5.461402,43.252036
2009/06/09,5.453212,43.254606
2022/08/06,5.462059,43.245570
2012/08/04,5.461464,43.257044
2006/08/21,5.464892,43.256466
2020/04/02,5.457127,43.256984
2017/10/25,5.457791,43.247889
2010/09/08,5.449367,43.249709
2021/09/20,5.463319,43.246233
2015/09/19,5.457666,43.247254
2017/07/23,5.463767,43.249364
2000/07/22,5.465598,43.244754
2016/07/29,5.474497,43.259167
2007/07/24,5.457761,43.262181
2008/05/06,5.457327,43.237665
2012/07/10,5.455446,43.253500
2012/06/18,5.450251,43.246180
2000/09/03,5.459460,43.248978
2012/07/01,5.462894,43.253856
2014/08/23,5.458556,43.253939
2004/12/27,5.468394,43.248486
2005/05/28,5.466003,43.251534
2010/06/11,5.461757,43.260955
2009/09/25,5.483924,43.258806
2014/10/31,5.458711,43.238537
2014/08/18,5.462028,43.246379
2014/11/11,5.461470,43.253064
2004/05/30,5.457784,43.247191
2014/07/13,5.456130,43.251769
2020/07/14,5.449610,43.252540
2023/06/03,5.462965,43.251645
2013/07/25,5.462986,43.263995
2009/07/25,5.458053,43.246414
2008/08/22,5.451935,43.257371
2015/01/05,5.456393,43.249084
2022/09/24,5.457065,43.253926
2024/06/27,5.456792,43.241276
2003/09/10,5.468693,43.253909
2003/09/16,5.443248,43.243267
2001/05/07,5.466033,43.255397
2016/04/08,5.458120,43.247237
2011/03/03,5.463283,43.253558
2007/04/17,5.451539,43.249175
2014/09/04,5.470705,43.251700
2021/09/03,5.465087,43.252119
2002/07/10,5.457757,43.259529
2017/08/21,5.460258,43.252201
2002/05/12,5.462817,43.254293
2013/06/28,5.462280,43.260098
2006/08/29,5.447407,43.240751
2015/08/16,5.461280,43.249575
2015/08/09,5.451490,43.253908
2022/09/08,5.467576,43.244515
2001/02/26,5.460370,43.245072
2006/06/02,5.468104,43.256882
2004/08/02,5.470161,43.243036
2017/09/24,5.469105,43.246264
2012/08/02,5.453362,43.259836
2003/10/15,5.462030,43.246877
2003/05/25,5.460336,43.246744
2021/08/20,5.461652,43.238956
2024/09/01,5.453453,43.251744
2005/04/18,5.465117,43.247296
2006/06/15,5.459610,43.249536
2018/07/25,5.439662,43.259116
2002/06/06,5.453996,43.254427
2005/08/27,5.462436,43.242517
2008/06/12,5.464421,43.252624
2023/07/20,5.453517,43.249669
2009/07/10,5.451043,43.249799
2013/08/12,5.453067,43.254261
2005/08/25,5.459946,43.251294
2019/05/11,5.462359,43.249505
2020/09/02,5.449810,43.244138
2007/08/05,5.469318,43.250406
2016/08/12,5.451626,43.243692
2005/08/17,5.450741,43.257673
2012/05/03,5.459123,43.253335
2014/08/01,5.446967,43.256200
2004/10/29,5.453307,43.264797
2007/09/25,5.466766,43.244436
2007/10/06,5.455624,43.255112
2003/06/28,5.451262,43.246622
2024/07/22,5.446592,43.242576
2013/07/17,5.463276,43.246592
2017/06/30,5.461593,43.253297
2017/08/26,5.461250,43.254041
2015/09/17,5.469158,43.249109
2005/07/05,5.460241,43.216196
2019/07/12,5.450812,43.215258
2011/09/04,5.464153,43.209974
2010/06/23,5.455044,43.211945
2005/09/02,5.461014,43.214592
2006/09/03,5.458597,43.215277
2016/04/01,5.471374,43.210947
2016/10/03,5.457427,43.220078
2024/10/14,5.452793,43.214298
2012/09/17,5.454450,43.219087
2008/08/21,5.450562,43.217273
2020/09/30,5.446618,43.213450
2021/06/22,5.451741,43.214186
2019/08/20,5.446481,43.230717
2009/04/24,5.453271,43.216750
2023/08/20,5.449976,43.227370
2002/09/02,5.458437,43.216036
2010/06/22,5.466539,43.213721
2003/07/28,5.446354,43.218790
2019/09/05,5.451593,43.220251
2002/07/22,5.447240,43.211827
2016/08/16,5.452642,43.210208
2005/07/20,5.455793,43.223176
2012/05/04,5.461433,43.221045
2013/08/19,5.443888,43.220697
2023/07/26,5.455102,43.218421
2023/12/01,5.456832,43.212339
2017/09/07,5.464451,43.234090
2015/07/17,5.456531,43.235787
2004/01/17,5.462215,43.218462
2020/07/03,5.467067,43.221208
2013/09/25,5.444021,43.218472
2020/09/15,5.449091,43.221679
2018/11/15,5.456841,43.221646
2023/07/08,5.448277,43.228626
2006/09/13,5.451050,43.222625
2006/06/22,5.459451,43.219225
2024/05/22,5.455877,43.215792
2005/09/08,5.455305,43.228315
2010/08/10,5.444082,43.231754
2014/09/19,5.449715,43.225981
2010/07/07,5.459911,43.213560
2021/09/02,5.451144,43.228289
2007/06/15,5.453602,43.220764
2022/11/06,5.442418,43.216160
2015/05/06,5.453550,43.219296
2011/05/04,5.459288,43.222206
2023/08/02,5.464595,43.224711
2002/09/23,5.463142,43.215116
2005/06/23,5.455081,43.225970
2019/08/23,5.452718,43.215891
2023/07/23,5.452404,43.221630
2000/08/31,5.459605,43.218288
2009/07/27,5.455655,43.214411
2013/07/29,5.448642,43.226102
2004/08/28,5.459835,43.215413
2004/10/09,5.453485,43.220331
2023/06/07,5.459212,43.212218
2004/06/23,5.460307,43.216839
2020/06/06,5.455375,43.222236
2015/07/16,5.453399,43.220845
2024/10/29,5.455218,43.213181
2008/02/23,5.462401,43.215482
2007/08/18,5.467509,43.215736
2012/04/30,5.447551,43.215865
2007/06/22,5.462023,43.218717
2003/09/18,5.453131,43.227811
2001/07/24,5.449538,43.215943
2011/07/21,5.460197,43.220475
2015/08/07,5.461518,43.230680
2006/04/08,5.451969,43.241496
2017/08/08,5.441717,43.230100
2014/09/19,5.458118,43.227246
2017/09/21,5.454601,43.214527
2018/08/24,5.452155,43.217105
2010/08/07,5.454720,43.216112
2015/05/29,5.458206,43.215549
2023/08/08,5.467274,43.216325
2014/09/15,5.463851,43.214302
2000/08/19,5.456531,43.218698
2022/06/14,5.449673,43.223538
2012/04/17,5.447553,43.217652
2016/07/24,5.460289,43.215308
2010/10/24,5.460057,43.227272
2003/09/17,5.454994,43.220812
2013/08/20,5.455168,43.225096
2024/07/18,5.455872,43.211382
2015/05/01,5.452846,43.224404
2001/06/13,5.466248,43.233647
2007/10/05,5.448661,43.220882
2011/08/26,5.453768,43.221203
2003/08/25,5.459309,43.220374
2013/06/27,5.464915,43.220641
2002/08/16,5.477610,43.205504
2014/09/27,5.476867,43.212687
2012/05/13,5.473391,43.218610
2014/07/04,5.465039,43.214349
2011/02/09,5.468833,43.214820
2003/08/19,5.473401,43.212230
2022/02/11,5.483153,43.212662
2012/05/26,5.481278,43.214231
2022/05/01,5.485608,43.218540
2012/09/26,5.472466,43.218722
2010/07/28,5.472730,43.211818
2013/07/22,5.478694,43.209228
2015/08/22,5.473341,43.220053
2020/07/03,5.477105,43.208761
2006/07/24,5.471635,43.215555
2022/04/04,5.480841,43.226363
2020/01/18,5.469076,43.217086
2000/07/02,5.476151,43.210223
2001/07/18,5.469099,43.218982
2011/07/07,5.478916,43.207803
2014/01/28,5.484625,43.211296
2011/09/13,5.478680,43.211833
2015/08/26,5.476227,43.229202
2023/08/20,5.478489,43.221194
2008/08/09,5.478427,43.217623
2017/07/13,5.472017,43.208870
2002/09/04,5.478700,43.223785
2020/06/18,5.469981,43.208713
2006/06/10,5.469118,43.211431
2022/07/28,5.471272,43.218240
2019/03/20,5.482275,43.212151
2006/09/16,5.466469,43.222713
2009/07/15,5.469016,43.220354
2009/06/13,5.476743,43.216444
2010/02/11,5.462666,43.216980
2014/09/15,5.471767,43.217142
2019/08/18,5.475131,43.209904
2009/04/07,5.472854,43.220615
2000/04/22,5.477326,43.213443
2008/09/01,5.476910,43.209319
2006/11/27,5.474869,43.208056
2010/07/06,5.479831,43.204672
2023/09/30,5.476611,43.208623
2019/08/29,5.477205,43.214144
2011/06/28,5.472282,43.207510
2010/07/03,5.476139,43.208142
2004/08/22,5.466662,43.209306
2006/05/05,5.466683,43.222522
2022/08/17,5.478101,43.209785
2004/09/11,5.474728,43.206890
2000/04/04,5.470528,43.213027
2008/07/13,5.479053,43.216810
2004/08/31,5.473931,43.214968
2015/06/22,5.472268,43.208106
2010/11/10,5.472274,43.221986
2001/08/23,5.470293,43.213138
2021/08/28,5.462362,43.214139
2000/05/22,5.461727,43.215921
2018/08/31,5.466679,43.212414
2021/07/19,5.474412,43.208252
2023/10/29,5.473596,43.222721
2017/05/10,5.473613,43.220156
2019/05/14,5.468288,43.213132
2014/10/24,5.480980,43.210607
2009/07/26,5.469910,43.218065
2012/08/08,5.476784,43.221763
2018/06/02,5.456461,43.220559
2014/05/14,5.461268,43.212112
2011/10/23,5.478262,43.207160
2005/11/01,5.466677,43.217425
2007/08/12,5.488817,43.205304
2022/08/28,5.473053,43.207189
2022/08/04,5.471618,43.215853
2011/08/04,5.475221,43.206066
2020/08/20,5.484110,43.225470
2007/08/08,5.471012,43.213692
2000/09/18,5.471591,43.207034
2001/03/12,5.462214,43.221404
2023/08/15,5.470173,43.225027
2023/07/29,5.470555,43.219605
2020/06/09,5.470481,43.226661
2013/07/13,5.461741,43.218545
2023/09/06,5.473251,43.210319
2015/08/27,5.468478,43.219425
2006/07/30,5.477972,43.223115
2023/10/02,5.469433,43.210680
2021/08/08,5.480959,43.227238
2022/10/05,5.489027,43.253703
2022/06/01,5.477001,43.241665
2015/05/25,5.491229,43.233796
2014/10/27,5.500160,43.260900
2002/07/30,5.474991,43.266140
2009/08/14,5.489683,43.248859
2020/10/26,5.484911,43.242029
2011/05/12,5.483323,43.244587
2024/07/04,5.489752,43.251096
2014/07/05,5.474463,43.256322
2007/05/22,5.468081,43.253234
2018/04/04,5.487355,43.246384
2000/06/30,5.479433,43.244399
2003/08/23,5.492798,43.253597
2021/08/23,5.485855,43.245961
2009/08/07,5.492269,43.265679
2000/09/25,5.479581,43.245373
2016/10/27,5.485280,43.253022
2009/08/17,5.489158,43.251798
2008/08/28,5.487097,43.262744
2010/06/16,5.485627,43.251970
2021/10/05,5.484095,43.248513
2020/07/31,5.479277,43.250586
2022/07/31,5.481803,43.244488
2016/06/17,5.480897,43.236442
2024/06/18,5.493455,43.257862
2004/08/20,5.488528,43.243909
2018/07/03,5.493413,43.256400
2002/10/18,5.491068,43.257570
2015/06/10,5.489942,43.243737
2010/09/27,5.482314,43.253755
2015/10/17,5.490505,43.253791
2019/11/19,5.484647,43.268661
2009/09/07,5.485590,43.241567
2009/09/21,5.490091,43.257223
2008/10/13,5.487392,43.243853
2001/07/18,5.486636,43.240814
2002/05/27,5.487519,43.260583
2014/07/13,5.491884,43.248306
2010/06/29,5.473906,43.248199
2004/07/31,5.484284,43.248440
2022/07/12,5.490801,43.262890
2006/07/19,5.489251,43.253986
2022/09/11,5.498810,43.249992
2003/08/18,5.475582,43.243818
2015/07/10,5.489690,43.246696
2017/09/06,5.479686,43.246095
2008/10/26,5.494119,43.256121
2005/06/24,5.487575,43.250404
2006/08/05,5.493029,43.245542
2010/04/06,5.482793,43.254047
2013/08/01,5.475178,43.248034
2007/07/05,5.480988,43.246545
2018/09/22,5.487813,43.251476
2011/08/28,5.489202,43.255207
2001/07/25,5.483664,43.254397
2019/07/08,5.483657,43.253060
2013/08/14,5.484896,43.250563
2022/03/03,5.491123,43.250079
2021/09/25,5.481117,43.250851
2015/06/29,5.484267,43.245467
2002/08/14,5.484590,43.256017
2000/08/26,5.494725,43.253300
2009/07/28,5.489622,43.252821
2006/08/29,5.477688,43.243777
2012/09/23,5.488769,43.248731
2021/09/16,5.493414,43.254657
2002/08/24,5.491506,43.257145
2015/09/10,5.484334,43.259864
2001/10/14,5.492371,43.257880
2017/09/08,5.478016,43.251110
2013/07/27,5.492669,43.254455
2016/08/13,5.485027,43.249870
2003/07/26,5.483018,43.250611
2012/08/01,5.488251,43.256311
2017/08/28,5.478036,43.244692
2006/07/14,5.485673,43.257194
2016/09/06,5.482910,43.257730
2017/04/22,5.494456,43.249731
2013/06/17,5.491932,43.240619
2000/07/25,5.488115,43.259006
2020/07/05,5.486151,43.264814
2012/07/11,5.488050,43.241962
2012/08/14,5.482883,43.245404
2009/09/21,5.485621,43.258363
2020/06/09,5.476988,43.252684
2016/06/04,5.482591,43.256532
2008/05/02,5.488899,43.252961
2022/07/30,5.497373,43.251550
2022/04/09,5.493203,43.252289
2012/07/27,5.484656,43.254028
2019/07/28,5.490115,43.244225
2005/06/02,5.487013,43.250993
2013/06/23,5.483584,43.251043
2015/02/03,5.486787,43.265235
2007/09/18,5.489386,43.245558
2019/09/16,5.485080,43.254672
2016/09/03,5.479029,43.252426
2016/09/09,5.487037,43.253057
2008/08/29,5.419835,43.223996
2016/04/18,5.425174,43.229850
2005/08/06,5.437376,43.222639
2006/10/14,5.422620,43.215866
2008/07/23,5.425082,43.220955
2020/10/11,5.428921,43.230444
2003/05/09,5.422056,43.239312
2012/10/31,5.431105,43.226089
2022/02/26,5.421122,43.220454
2011/12/25,5.425112,43.225734
2007/09/17,5.434561,43.224248
2021/10/29,5.414677,43.224176
2024/07/17,5.423208,43.220550
2013/08/21,5.425425,43.214378
2021/12/07,5.424187,43.229894
2012/09/10,5.426988,43.221131
2019/08/02,5.436224,43.221437
2007/05/14,5.438670,43.233167
2005/11/20,5.427108,43.222760
2003/08/23,5.427110,43.231830
2021/08/04,5.417825,43.218236
2007/05/28,5.424779,43.231004
2021/10/24,5.421743,43.225218
2013/05/31,5.423675,43.221767
2024/10/18,5.420060,43.224729
2013/04/06,5.422378,43.220885
2008/08/01,5.425690,43.215491
2004/08/02,5.418506,43.216880
2024/08/16,5.418571,43.223806
2010/08/30,5.434632,43.229374
2016/08/26,5.418561,43.223168
2022/08/07,5.425425,43.228953
2009/08/23,5.431467,43.226526
2012/06/29,5.422800,43.238940
2012/07/07,5.432804,43.219424
2022/08/11,5.428218,43.231760
2007/07/04,5.425580,43.229043
2001/07/08,5.416776,43.230039
2000/08/28,5.432768,43.226999
2022/11/14,5.429218,43.233156
2009/04/22,5.419503,43.216939
2012/07/07,5.411902,43.219106
2017/05/26,5.419568,43.222155
2002/03/27,5.422673,43.216085
2011/08/23,5.409175,43.222964
2007/07/30,5.415625,43.215963
2016/05/25,5.414042,43.216088
2016/07/04,5.428649,43.220282
2008/07/20,5.428963,43.218161
2014/09/17,5.427063,43.212714
2023/06/13,5.419312,43.227069
2001/10/26,5.423471,43.224720
2014/10/31,5.422564,43.226974
2021/08/07,5.428681,43.215861
2014/08/24,5.422890,43.215296
2019/07/17,5.425554,43.233547
2015/07/09,5.431197,43.232233
2017/08/22,5.431474,43.223115
2009/09/05,5.428382,43.232259
2019/08/16,5.425537,43.221827
2023/07/02,5.423860,43.229537
2003/07/01,5.429487,43.226778
2015/07/12,5.426489,43.240360
2013/06/05,5.421637,43.214458
2012/03/22,5.436708,43.217956
2021/08/10,5.422541,43.222802
2015/08/31,5.435836,43.225786
2013/09/12,5.433352,43.245720
2009/09/14,5.415682,43.226820
2015/09/22,5.423255,43.223280
2001/11/08,5.425221,43.224282
2015/07/23,5.424290,43.215088
2002/07/04,5.420259,43.217167
2003/09/02,5.427287,43.235752
2015/08/14,5.417120,43.209617
2005/10/10,5.420313,43.219862
2022/06/12,5.425431,43.214669
2000/07/03,5.420706,43.228603
2014/07/10,5.426546,43.223875
2005/09/21,5.422709,43.216903
2012/06/08,5.424604,43.233148
2024/08/30,5.429846,43.222992
2009/11/22,5.426042,43.233472
2000/07/25,5.433691,43.223793
2021/07/26,5.436095,43.233650
2023/06/10,5.420842,43.225177
2001/06/14,5.422299,43.230889
2015/07/21,5.432538,43.220060
2021/06/22,5.417812,43.230084
2024/08/11,5.424812,43.226079
2016/07/04,5.436384,43.223729
2008/10/02,5.429732,43.222197
2011/04/10,5.411321,43.222930
2016/05/02,5.428298,43.214904
2001/07/05,5.497553,43.208918
2019/07/02,5.421150,43.225625
2007/07/22,5.369012,43.226698
2018/04/22,5.384469,43.231503
2023/08/25,5.384578,43.216033
2012/09/01,5.377863,43.225363
2020/06/24,5.375240,43.217514
2001/06/17,5.370806,43.231222
2019/07/18,5.375025,43.220592
2015/09/14,5.379473,43.219809
2008/07/31,5.368736,43.219683
2017/08/18,5.376153,43.222484
2020/08/11,5.374892,43.220874
2015/06/15,5.368142,43.223940
2001/09/08,5.385438,43.222699
2016/03/17,5.374809,43.215269
2015/05/08,5.371859,43.231414
2008/09/27,5.382944,43.219222
2020/09/18,5.381148,43.222100
2014/09/01,5.377467,43.219089
2022/07/02,5.389928,43.225777
2000/06/30,5.364453,43.226819
2024/08/19,5.367722,43.219236
2018/08/12,5.375089,43.222553
2006/06/11,5.378815,43.214375
2023/08/12,5.378783,43.217086
2002/09/09,5.378031,43.227503
2020/02/23,5.372041,43.225809
2019/09/16,5.367969,43.217676
2001/10/02,5.373618,43.219130
2021/08/26,5.382719,43.220289
2007/07/25,5.377022,43.220508
2019/08/01,5.379630,43.229987
2006/06/14,5.383587,43.219476
2005/08/30,5.369471,43.216762
2017/08/08,5.383895,43.219069
2005/04/13,5.368447,43.231790
2009/01/08,5.374881,43.220865
2005/09/24,5.383729,43.231705
2004/09/22,5.373790,43.229161
2001/07/16,5.380655,43.226847
2023/09/21,5.370264,43.216811
2003/09/24,5.382071,43.220652
2015/07/26,5.371782,43.219912
2016/06/18,5.372451,43.220403
2017/09/26,5.385511,43.223427
2001/08/29,5.386840,43.217283
2014/06/25,5.367483,43.221083
2017/06/16,5.362975,43.223266
2020/08/28,5.371582,43.217078
2001/05/25,5.383619,43.223859
2021/07/14,5.380458,43.230560
2024/09/02,5.379524,43.230241
2014/09/06,5.374231,43.223808
2024/05/16,5.367858,43.216753
2022/07/26,5.375811,43.224115
2011/10/21,5.378360,43.218147
2019/09/14,5.378934,43.226581
2018/05/06,5.387863,43.215628
2014/04/24,5.366665,43.226863
2021/07/19,5.378284,43.226376
2001/11/19,5.372072,43.222088
2010/08/27,5.381551,43.229280
2002/10/10,5.381013,43.212839
2001/07/02,5.373944,43.220428
2017/08/19,5.388014,43.220601
2004/08/23,5.378153,43.220920
2023/07/29,5.376858,43.223570
2006/09/21,5.376290,43.218406
2017/11/08,5.377587,43.223114
2008/09/01,5.365238,43.222151
2001/07/01,5.378686,43.216637
2008/07/03,5.377770,43.218063
2024/11/15,5.373435,43.216548
2021/09/08,5.373383,43.223568
2000/11/10,5.376876,43.216776
2022/09/16,5.381170,43.222873
2010/08/05,5.379842,43.224797
2001/06/30,5.368657,43.218020
2007/06/07,5.369265,43.221416
2002/09/11,5.373104,43.231062
2010/10/01,5.378223,43.218538
2022/08/09,5.372558,43.219795
2008/09/03,5.373817,43.223123
2005/07/29,5.386787,43.222870
2020/06/14,5.375749,43.215788
2007/07/18,5.379277,43.219231
2024/04/03,5.380619,43.224765
2002/07/06,5.382521,43.216862
2011/07/31,5.369932,43.216107
2007/08/10,5.378252,43.216536
2001/12/09,5.373539,43.221359
2014/09/24,5.361259,43.223328
2009/07/02,5.373558,43.229559
2005/10/19,5.359059,43.223358
2020/08/25,5.370469,43.221683
2009/06/02,5.370061,43.225843
2014/08/21,5.377792,43.226593
2006/10/22,5.496009,43.250701
2003/11/23,5.493903,43.272142
2016/05/24,5.502261,43.277929
2003/04/07,5.492888,43.268073
2018/06/10,5.494713,43.257137
2009/08/19,5.495181,43.272364
2013/06/04,5.501573,43.270617
2018/05/02,5.495070,43.260786
2018/07/14,5.500558,43.257386
2010/10/04,5.493235,43.274212
2018/09/26,5.485775,43.262865
2000/10/12,5.491374,43.263559
2003/05/31,5.492371,43.279345
2020/06/27,5.498259,43.265023
2011/11/20,5.490199,43.257488
2015/08/14,5.488927,43.270890
2018/06/13,5.487194,43.269669
2023/10/15,5.477509,43.263956
2010/07/25,5.489680,43.267015
2014/07/10,5.475401,43.280710
2020/06/23,5.496141,43.262740
2005/07/05,5.494154,43.261901
2003/09/18,5.484368,43.268598
2000/02/21,5.491530,43.265789
2007/07/13,5.484860,43.277982
2003/08/21,5.496259,43.265595
2018/11/20,5.487506,43.275957
2000/08/12,5.494326,43.268858
2000/05/15,5.504315,43.273141
2011/06/29,5.492133,43.271849
2003/09/15,5.491390,43.262608
2008/09/12,5.495612,43.267625
2019/08/24,5.483837,43.273377
2008/05/11,5.500088,43.269390
2010/10/29,5.495016,43.263017
2003/07/21,5.496339,43.272782
2013/10/22,5.497396,43.265986
2006/07/26,5.487791,43.265541
2012/09/06,5.501900,43.264256
2002/06/28,5.491795,43.258477
2012/06/17,5.495664,43.263090
2006/01/23,5.497015,43.275416
2008/01/13,5.497584,43.269095
2006/08/18,5.496868,43.280918
2018/05/18,5.502147,43.261846
2018/09/17,5.490328,43.262209
2014/05/03,5.492294,43.261224
2002/06/26,5.492135,43.267718
2007/10/26,5.491126,43.272961
2018/07/15,5.494909,43.272631
2007/07/19,5.492638,43.263642
2001/08/07,5.505882,43.264856
2002/08/02,5.495550,43.266537
2024/07/17,5.494716,43.277498
2020/07/08,5.489240,43.269562
2012/08/22,5.497843,43.264247
2014/06/08,5.501561,43.260483
2021/09/20,5.492180,43.273811
2014/06/22,5.498033,43.270789
2010/08/14,5.482915,43.265543
2022/02/20,5.487041,43.274665
2016/09/20,5.502613,43.278750
2002/11/07,5.490454,43.268610
2005/08/12,5.488594,43.266269
2010/09/21,5.493801,43.264130
2023/08/06,5.492486,43.264932
2004/05/08,5.499289,43.270834
2019/03/17,5.484121,43.265566
2020/04/05,5.493345,43.278116
2006/07/01,5.490686,43.264637
2011/09/08,5.497850,43.279424
2012/07/16,5.489002,43.276945
2022/09/07,5.496432,43.276546
2001/09/18,5.498927,43.262243
2011/06/02,5.494657,43.271206
2012/04/02,5.497108,43.268724
2008/09/18,5.498920,43.267652
2001/09/10,5.500854,43.270257
2023/07/31,5.490807,43.281862
2007/09/18,5.486922,43.262566
2013/09/18,5.504413,43.273143
2017/07/01,5.497851,43.272592
2007/06/22,5.496247,43.271251
2016/08/30,5.485620,43.248974
2018/09/27,5.496255,43.276673
2011/07/24,5.485329,43.282722
2012/07/17,5.496496,43.270965
2004/09/21,5.487610,43.272930
2008/09/02,5.486330,43.260809
2012/05/17,5.498418,43.277275
2017/10/31,5.494025,43.270043
2005/06/01,5.499149,43.276762
2020/06/03,5.501828,43.265711
2020/07/17,5.488280,43.269964
2006/09/08,5.506067,43.271121
2024/09/06,5.484111,43.268127
2015/08/02,5.505803,43.272078
2001/07/16,5.489839,43.276272
2012/11/19,5.463406,43.269017
2016/05/24,5.454713,43.247142
2003/07/24,5.457960,43.262196
2005/08/01,5.458430,43.265306
2000/07/17,5.452719,43.256725
2017/07/29,5.447477,43.251831
2014/08/01,5.455895,43.256189
2000/10/25,5.449497,43.255207
2019/09/06,5.462862,43.258712
2004/06/18,5.452799,43.263008
2008/09/05,5.453838,43.250197
2009/03/01,5.449648,43.250035
2023/02/22,5.457475,43.261642
2001/05/13,5.465222,43.262247
2010/07/31,5.450116,43.261525
2013/09/29,5.451656,43.268339
2008/08/06,5.466327,43.250847
2016/10/19,5.461724,43.248226
2015/06/14,5.465946,43.262292
2008/08/06,5.445827,43.258849
2023/11/18,5.461669,43.262450
2001/08/27,5.445408,43.252706
2016/09/19,5.457276,43.256873
2018/02/08,5.452440,43.254870
2003/06/30,5.451545,43.262608
2001/07/15,5.460668,43.257364
2024/06/28,5.446147,43.260384
2000/09/04,5.457552,43.258105
2021/07/13,5.459752,43.262416
2021/08/09,5.460930,43.246128
2009/08/19,5.445814,43.261751
2012/01/18,5.461693,43.267172
2024/09/02,5.447586,43.254513
2002/07/23,5.463951,43.257437
2024/09/07,5.452474,43.260468
2012/08/19,5.454062,43.260177
2021/07/16,5.455429,43.256798
2021/09/19,5.448348,43.249679
2021/10/29,5.448246,43.265688
2007/07/17,5.458273,43.276859
2018/03/21,5.464547,43.270052
2007/06/09,5.442702,43.249443
2001/06/18,5.457453,43.253386
2018/06/10,5.466237,43.250818
2000/09/20,5.456353,43.260266
2011/10/03,5.455963,43.253408
2008/09/03,5.459666,43.253996
2002/06/07,5.458316,43.259889
2008/07/22,5.450234,43.263314
2018/07/09,5.449841,43.252007
2008/08/11,5.464977,43.241144
2012/10/13,5.454882,43.248946
2015/08/29,5.458459,43.249803
2000/08/18,5.457294,43.253150
2016/06/18,5.449675,43.261535
2005/08/09,5.465215,43.248942
2019/09/27,5.451926,43.250608
2008/09/23,5.455123,43.251086
2024/07/29,5.452303,43.250336
2018/06/13,5.459366,43.261131
2009/08/24,5.458521,43.265124
2000/11/06,5.454101,43.262663
2019/08/07,5.456035,43.260707
2019/07/25,5.455483,43.264051
2017/09/23,5.450171,43.250502
2020/08/14,5.447558,43.261351
2024/07/08,5.450300,43.256901
2011/08/27,5.459475,43.256609
2015/09/21,5.451913,43.249539
2017/05/07,5.455905,43.250165
2014/10/22,5.455316,43.258978
2015/08/06,5.451928,43.264896
2009/07/05,5.460346,43.260994
2000/08/11,5.460963,43.254116
2009/07/16,5.446979,43.265222
2008/06/19,5.461323,43.248152
2002/11/04,5.447781,43.256130
2008/07/21,5.495967,43.209588
2024/05/18,5.462078,43.256576
2020/08/18,5.460251,43.266754
2001/08/10,5.456543,43.263201
2006/08/07,5.450833,43.256639
2018/06/08,5.450911,43.251360
2003/07/19,5.460709,43.262478
2005/08/22,5.448208,43.246131
2021/09/12,5.446005,43.251286
2016/07/31,5.466189,43.256227
2018/09/27,5.466067,43.266959
2005/06/15,5.457028,43.255426
2018/04/21,5.457398,43.258774
2001/09/04,5.456687,43.250525
2015/09/21,5.464822,43.243645
2008/08/21,5.485201,43.253544
2015/10/08,5.445197,43.248662
2016/07/07,5.452420,43.265090
2006/08/25,5.447611,43.246123
2020/06/19,5.461824,43.262029
2009/09/14,5.441182,43.257345
2007/07/13,5.463297,43.268460
2003/04/17,5.457782,43.255625
2012/06/21,5.474330,43.261937
2007/06/16,5.466969,43.241928
2007/08/07,5.491574,43.253812
2004/08/29,5.483151,43.246853
2023/08/05,5.481720,43.249819
2008/06/25,5.492365,43.239656
2020/06/11,5.471519,43.248872
2011/09/06,5.487948,43.252216
2023/08/26,5.473898,43.229146
2000/09/16,5.476687,43.247153
2013/09/03,5.486267,43.234868
2012/06/12,5.474559,43.232194
2014/08/20,5.485148,43.243855
2011/08/12,5.487228,43.242727
2005/08/05,5.468427,43.247665
2014/08/23,5.483887,43.240581
2004/05/26,5.485344,43.239461
2017/09/07,5.466747,43.247974
2014/05/02,5.478869,43.249647
2008/09/12,5.467702,43.236486
2010/08/21,5.494522,43.256337
2017/08/19,5.481746,43.241998
2006/11/09,5.475294,43.244071
2003/05/07,5.488488,43.236525
2023/07/31,5.477816,43.251612
2019/08/29,5.481039,43.241407
2021/07/20,5.480400,43.240414
2016/08/11,5.473286,43.240847
2008/09/03,5.480116,43.237421
2002/09/05,5.483011,43.254753
2024/04/13,5.468117,43.240769
2014/09/14,5.476023,43.235234
2005/07/03,5.489806,43.239031
2010/04/11,5.475023,43.240996
2010/09/21,5.489850,43.254323
2009/05/25,5.478625,43.228354
2005/05/21,5.490118,43.252575
2014/07/30,5.470338,43.261498
2006/08/23,5.470784,43.247184
2016/01/22,5.468250,43.239180
2005/09/16,5.479855,43.226688
2024/07/28,5.468644,43.242834
2024/09/18,5.478282,43.244646
2008/08/14,5.478407,43.242511
2011/06/21,5.469302,43.243240
2015/10/19,5.477172,43.247812
2023/08/02,5.476732,43.240923
2004/06/11,5.475375,43.240833
2021/08/27,5.480278,43.233996
2000/08/14,5.473259,43.241862
2001/07/18,5.474143,43.250321
2015/02/16,5.473699,43.225627
2014/05/11,5.483343,43.237770
2000/09/23,5.487308,43.245886
2001/06/27,5.478223,43.239207
2002/06/06,5.471877,43.258316
2005/07/17,5.487664,43.253244
2007/07/15,5.486119,43.255705
2003/08/11,5.482172,43.250933
2020/07/15,5.483584,43.231443
2000/08/02,5.478504,43.243440
2003/08/20,5.479026,43.235885
2012/09/19,5.479857,43.253202
2012/07/21,5.475129,43.248365
2019/06/09,5.488317,43.247849
2022/02/23,5.475350,43.250868
2000/05/30,5.480310,43.248065
2024/09/14,5.478217,43.238714
2000/09/12,5.484777,43.236336
2014/08/23,5.470167,43.246995
2005/05/06,5.487854,43.239650
2003/08/14,5.486667,43.252378
2006/09/19,5.492447,43.249022
2020/09/29,5.481382,43.244218
2011/06/18,5.477692,43.243713
2002/09/07,5.473636,43.240921
2006/08/29,5.473294,43.246256
2013/08/07,5.481506,43.240534
2008/07/15,5.492856,43.235774
2003/07/28,5.475173,43.242218
2010/07/28,5.470656,43.249121
2007/05/08,5.483459,43.244387
2008/02/06,5.476311,43.241208
2010/08/11,5.468828,43.236294
2017/08/20,5.479433,43.234322
2001/11/12,5.474753,43.234065
2000/07/09,5.483911,43.248384
2023/08/02,5.482271,43.242281
2006/04/15,5.487517,43.239976
2010/12/15,5.476027,43.231616
2000/05/11,5.478359,43.243330
2016/05/21,5.489339,43.243632
2012/09/19,5.492087,43.252461
2006/07/03,5.471150,43.235062
2004/09/15,5.490171,43.246741
2005/07/21,5.473006,43.247155
2019/07/04,5.471845,43.241727
2021/07/15,5.478071,43.234237
2009/09/19,5.473829,43.229247
2020/09/06,5.470990,43.242832
2016/09/29,5.438318,43.237695
2001/08/22,5.443003,43.235537
2017/08/13,5.448637,43.240858
2009/09/02,5.437563,43.231356
2024/09/07,5.423821,43.241056
2000/07/02,5.441561,43.258360
2020/08/23,5.440130,43.244978
2017/05/11,5.434990,43.237008
2013/08/03,5.432989,43.242866
2003/04/23,5.427789,43.229569
2008/10/19,5.446231,43.232641
2003/07/15,5.443462,43.245685
2000/05/25,5.441046,43.239255
2010/06/23,5.437041,43.244809
2001/07/08,5.444481,43.232696
2017/06/30,5.443592,43.234610
2001/07/12,5.432611,43.248147
2001/09/28,5.425828,43.226253
2017/06/23,5.432372,43.241089
2000/08/16,5.437208,43.246556
2013/09/03,5.426771,43.241330
2023/07/09,5.449176,43.243020
2002/07/23,5.433658,43.247429
2016/04/09,5.450304,43.224169
2005/02/03,5.441333,43.229135
2015/08/07,5.436756,43.246635
2019/07/30,5.447778,43.233906
2019/10/09,5.438015,43.246518
2016/10/03,5.435930,43.241673
2021/09/28,5.439097,43.234718
2011/08/29,5.441146,43.233152
2007/08/04,5.443514,43.225395
2009/09/08,5.439818,43.229004
2015/08/12,5.432275,43.230378
2018/09/10,5.446894,43.240731
2017/07/13,5.436896,43.232303
2020/05/14,5.443778,43.240873
2000/10/10,5.446284,43.239907
2000/07/21,5.438299,43.240011
2023/06/28,5.439919,43.243051
2024/07/02,5.439279,43.245499
2024/05/11,5.448552,43.240543
2006/08/20,5.436395,43.233116
2009/06/08,5.440345,43.239904
2021/05/21,5.445975,43.248111
2005/08/13,5.426937,43.257640
2006/08/20,5.444724,43.242747
2020/06/17,5.431143,43.246256
2019/06/10,5.435610,43.245415
2008/08/24,5.433423,43.231588
2009/09/27,5.439115,43.240051
2023/09/08,5.434349,43.238961
2006/04/22,5.437830,43.243379
2019/08/28,5.441510,43.242277
2023/08/04,5.438711,43.254506
2019/08/22,5.435112,43.245822
2024/07/18,5.427406,43.227194
2023/09/08,5.435750,43.245292
2014/04/24,5.432999,43.242352
2018/09/07,5.446178,43.246359
2023/04/07,5.434348,43.236491
2024/08/24,5.436554,43.245882
2002/06/28,5.435734,43.245668
2018/10/07,5.439510,43.235500
2001/08/18,5.440848,43.250790
2023/08/28,5.444782,43.244000
2006/08/03,5.438648,43.224786
2016/06/07,5.425562,43.234725
2016/08/11,5.431909,43.246379
2002/07/13,5.448477,43.234976
2020/07/19,5.448012,43.248190
2014/07/01,5.435218,43.230591
2003/07/06,5.439003,43.243437
2001/07/28,5.422423,43.241740
2016/08/20,5.499887,43.209702
2001/06/18,5.432134,43.240307
2004/09/19,5.449772,43.230967
2011/07/13,5.443352,43.238171
2009/07/27,5.442973,43.239184
2021/09/06,5.431817,43.237466
2023/11/27,5.437050,43.237514
2001/09/25,5.429993,43.247718
2024/08/13,5.443185,43.238631
2003/09/07,5.439149,43.247467
2011/08/13,5.432796,43.232354
2007/06/15,5.425680,43.233002
2020/07/29,5.434373,43.238274
2009/10/21,5.444932,43.238253
2022/04/28,5.441415,43.229663
2011/08/10,5.439691,43.237194
2013/09/13,5.446941,43.243244
2001/05/25,5.429251,43.240871
2017/09/09,5.421287,43.241298
2002/09/24,5.448456,43.237278
2009/09/29,5.433645,43.243614
2019/06/11,5.447624,43.240308
2010/09/29,5.443586,43.238114
2009/05/23,5.444834,43.237104
2024/10/05,5.445127,43.278547
2007/06/14,5.462401,43.267897
2024/06/29,5.458841,43.258476
2024/08/06,5.449548,43.272117
2012/10/07,5.448592,43.271503
2016/07/07,5.444555,43.269239
2011/08/15,5.456241,43.268559
2008/04/07,5.453011,43.271411
2005/06/03,5.456076,43.261382
2023/10/16,5.462785,43.266906
2006/09/25,5.455474,43.272477
2018/07/03,5.471310,43.267086
2004/05/20,5.449260,43.273900
2023/09/01,5.451688,43.274812
2022/09/08,5.461197,43.281737
2014/09/11,5.444751,43.273062
2005/07/24,5.455634,43.272394
2012/09/25,5.460071,43.266850
2005/08/14,5.449690,43.273322
2020/06/16,5.446008,43.267573
2012/08/25,5.446482,43.273229
2004/07/01,5.458437,43.275291
2005/09/30,5.463811,43.258905
2013/08/26,5.440599,43.262892
2010/06/21,5.454814,43.269744
2002/08/29,5.444782,43.270787
2018/06/26,5.450373,43.283845
2003/08/12,5.445197,43.265093
2001/07/28,5.455749,43.264852
2012/07/06,5.450536,43.283309
2012/09/11,5.461875,43.269768
2001/06/03,5.446500,43.265798
2006/06/23,5.450365,43.263804
2016/10/21,5.452270,43.269387
2010/07/05,5.437513,43.267127
2024/08/24,5.456080,43.265089
2011/08/15,5.451111,43.269182
2000/07/02,5.441124,43.270084
2019/03/06,5.445755,43.270831
2016/03/28,5.449952,43.273879
2009/08/05,5.452361,43.274048
2000/09/30,5.458122,43.269822
2001/10/21,5.448481,43.271196
2018/05/12,5.440598,43.273767
2023/05/12,5.453255,43.277983
2014/07/10,5.454394,43.279377
2021/02/04,5.445965,43.276076
2008/08/05,5.453949,43.280191
2020/10/31,5.459025,43.274060
2013/09/02,5.449201,43.264524
2018/07/22,5.450534,43.276673
2024/08/28,5.453338,43.277959
2018/10/24,5.455038,43.274249
2001/04/12,5.434707,43.268306
2000/08/11,5.453875,43.271688
2022/09/14,5.438810,43.275999
2006/10/24,5.448211,43.277892
2004/09/13,5.454497,43.280285
2022/09/20,5.457846,43.267047
2016/06/03,5.448379,43.277632
2013/09/19,5.438809,43.276049
2001/06/05,5.453661,43.261000
2022/07/28,5.455007,43.274967
2016/09/06,5.447286,43.281010
2009/08/02,5.448658,43.283064
2021/08/19,5.441961,43.268252
2002/06/20,5.450824,43.279283
2023/04/26,5.486660,43.278059
2002/09/22,5.460070,43.264515
2016/09/01,5.451616,43.272120
2022/07/02,5.444930,43.278844
2019/08/13,5.451599,43.275952
2013/07/13,5.434293,43.256464
2010/03/24,5.455632,43.274537
2018/10/05,5.447061,43.279829
2007/07/14,5.450893,43.267427
2000/09/15,5.455050,43.268639
2023/06/15,5.437739,43.270332
2013/07/18,5.455874,43.271616
2009/08/24,5.450804,43.265355
2009/06/08,5.449839,43.270464
2014/07/11,5.455077,43.283727
2018/10/02,5.441708,43.272067
2022/08/04,5.452643,43.280361
2007/07/04,5.450463,43.273790
2003/09/27,5.441187,43.265373
2008/02/12,5.456201,43.273767
2023/08/01,5.501411,43.219234
2010/08/14,5.501342,43.211909
2006/05/09,5.507753,43.210250
2017/08/03,5.492019,43.206566
2005/06/24,5.495993,43.207194
2004/10/19,5.481719,43.207807
2014/11/07,5.493354,43.213672
2020/08/23,5.503229,43.212208
2001/08/15,5.503614,43.210369
2022/08/27,5.495845,43.201777
2015/10/19,5.502369,43.216142
2021/11/06,5.506137,43.205368
2011/05/24,5.500059,43.203423
2007/08/12,5.506911,43.208020
2012/07/07,5.505238,43.207441
2019/07/03,5.510678,43.204382
2024/08/28,5.505044,43.204391
2013/08/15,5.500649,43.205764
2003/09/08,5.502982,43.207252
2006/08/16,5.506888,43.216475
2019/07/04,5.495852,43.205946
2021/12/14,5.499813,43.205363
2023/09/04,5.508847,43.210553
2022/08/24,5.489014,43.207579
2019/09/12,5.512737,43.212276
2022/09/08,5.504475,43.204809
2020/08/03,5.514933,43.211250
2017/02/02,5.506083,43.223652
2023/09/11,5.495029,43.202969
2016/08/31,5.497275,43.205687
2016/08/04,5.496658,43.204474
2003/09/03,5.494437,43.206549
2009/05/28,5.497512,43.209761
2024/06/07,5.488549,43.209644
2010/07/15,5.494982,43.207885
2006/07/20,5.497169,43.210859
2021/03/18,5.500212,43.199413
2016/08/30,5.496969,43.202204
2009/09/20,5.498429,43.212777
2009/09/21,5.494392,43.208556
2015/05/31,5.498572,43.206474
2012/04/10,5.501344,43.205432
2003/09/17,5.502098,43.207588
2011/05/15,5.507211,43.201741
2001/10/17,5.497370,43.203232
2005/10/01,5.508334,43.212491
2024/08/08,5.504086,43.211753
2016/06/16,5.504592,43.210438
2001/10/31,5.493443,43.205029
2001/07/01,5.499054,43.210999
2021/05/25,5.500670,43.200474
2014/08/24,5.499389,43.207225
2016/10/20,5.506634,43.213804
2001/09/12,5.504132,43.200955
2024/04/03,5.499401,43.205821
2023/06/04,5.499182,43.204838
2016/07/04,5.497133,43.201068
2007/10/09,5.507095,43.212886
2018/02/17,5.490721,43.207745
2017/09/14,5.507078,43.209241
2005/09/08,5.504605,43.210815
2016/06/22,5.496546,43.208147
2012/08/14,5.503034,43.203073
2010/04/20,5.495860,43.213055
2020/07/09,5.505118,43.216868
2007/07/01,5.495596,43.210708
2002/07/21,5.497899,43.204568
2021/08/03,5.501502,43.207550
2002/09/18,5.508963,43.207612
2023/08/29,5.501980,43.214028
2022/08/24,5.498137,43.215868
2006/07/18,5.507185,43.210659
2012/08/17,5.513617,43.207781
2004/08/25,5.508686,43.204977
2000/07/03,5.502162,43.202588
2003/07/26,5.499660,43.208643
2017/07/27,5.513439,43.218678
2007/07/24,5.497246,43.215232
2002/08/25,5.486004,43.210149
2017/08/04,5.487599,43.219652
2002/08/16,5.499905,43.205435
2001/08/17,5.498978,43.208146
2017/07/14,5.488706,43.212894
2019/07/07,5.381171,43.218356
2017/05/30,5.386173,43.215079
2011/06/11,5.387293,43.220456
2019/08/23,5.404506,43.224357
2021/06/27,5.390902,43.223701
2012/09/17,5.384684,43.224767
2024/06/24,5.382398,43.209886
2002/09/16,5.386669,43.216090
2020/09/08,5.384895,43.218652
2019/07/15,5.386801,43.215598
2017/07/22,5.398625,43.223506
2014/08/14,5.382060,43.221046
2000/09/25,5.391661,43.213985
2009/09/01,5.390226,43.221457
2010/09/24,5.396463,43.213523
2008/07/11,5.391683,43.232714
2015/07/11,5.388059,43.222128
2024/07/13,5.397178,43.217023
2005/07/23,5.394832,43.221523
2001/09/03,5.394142,43.214831
2014/10/22,5.384060,43.213711
2024/09/04,5.391500,43.212950
2001/07/16,5.383834,43.218966
2006/07/02,5.394446,43.218715
2009/07/12,5.387645,43.214687
2000/12/23,5.395143,43.227718
2004/10/10,5.393219,43.216477
2012/07/25,5.400137,43.213755
2017/07/27,5.389009,43.226052
2013/05/06,5.393487,43.222949
2022/09/23,5.391578,43.215411
2019/01/24,5.388945,43.216433
2019/08/15,5.382936,43.216532
2021/09/11,5.381655,43.210223
2010/09/09,5.387796,43.216539
2019/08/29,5.390123,43.212212
2020/08/05,5.382523,43.223747
2014/09/11,5.388055,43.214190
2019/07/22,5.385313,43.216826
2004/08/18,5.395293,43.214507
2019/08/16,5.389002,43.223046
2016/06/12,5.392431,43.215628
2023/07/04,5.402160,43.217645
2009/07/15,5.404912,43.222808
2018/05/30,5.384641,43.211813
2019/09/19,5.392413,43.223964
2009/09/15,5.381625,43.213155
2019/07/29,5.391328,43.213877
2020/04/22,5.383205,43.227172
2008/06/26,5.374037,43.223954
2015/08/31,5.389351,43.221963
2004/08/21,5.389075,43.220881
2015/09/01,5.388459,43.223033
2009/08/03,5.394950,43.225610
2014/08/01,5.386929,43.213018
2014/07/01,5.391410,43.221113
2004/08/22,5.381685,43.217369
2017/02/10,5.389589,43.221748
2009/09/02,5.392549,43.217723
2001/08/25,5.389329,43.215809
2013/07/01,5.387907,43.219103
2008/07/18,5.397759,43.218660
2001/09/25,5.385355,43.213710
2006/07/17,5.380659,43.225317
2003/05/19,5.392499,43.221657
2017/05/11,5.395678,43.217724
2004/09/30,5.389671,43.218438
2004/08/03,5.386477,43.217731
2008/07/23,5.397199,43.228495
2007/07/21,5.391475,43.213616
2005/07/13,5.388585,43.216945
2012/05/08,5.389442,43.219993
2018/08/15,5.394082,43.219664
2004/09/23,5.380146,43.211060
2003/10/07,5.391934,43.213534
2014/07/18,5.450456,43.242271
2002/09/08,5.454249,43.248191
2003/07/19,5.443913,43.248539
2014/08/28,5.454303,43.251549
2002/01/25,5.433462,43.262539
2022/05/03,5.443010,43.255508
2021/05/10,5.443179,43.256885
2010/10/08,5.448912,43.254246
2002/05/06,5.440369,43.256171
2016/08/07,5.443833,43.260726
2006/02/03,5.454007,43.263560
2003/05/09,5.444141,43.258764
2008/04/28,5.442670,43.260130
2007/06/06,5.445689,43.257535
2005/09/29,5.451565,43.257059
2021/05/28,5.443995,43.263820
2009/06/19,5.438496,43.262754
2011/10/03,5.445732,43.249585
2003/09/25,5.447281,43.257823
2018/07/30,5.440298,43.259614
2006/08/01,5.441495,43.252761
2017/07/18,5.447696,43.257163
2001/05/23,5.440036,43.259418
2000/08/05,5.439790,43.264467
2001/07/18,5.444832,43.251822
2015/06/14,5.439161,43.253149
2015/07/01,5.449999,43.255714
2023/09/11,5.456818,43.260352
2015/09/16,5.459574,43.249744
2002/06/10,5.442852,43.263925
2019/05/27,5.448517,43.255951
2003/08/18,5.442357,43.256027
2002/09/13,5.450532,43.262511
2005/09/14,5.425491,43.256814
2005/09/09,5.437178,43.256399
2016/07/19,5.436089,43.257353
2018/05/02,5.447575,43.255491
2013/07/11,5.449017,43.258618
2015/06/27,5.439009,43.249007
2020/09/19,5.452188,43.245580
2005/09/25,5.457777,43.250917
2019/07/19,5.443782,43.252696
2014/05/31,5.448567,43.262513
2014/08/05,5.441895,43.258049
2006/09/29,5.445637,43.266525
2022/05/24,5.452644,43.257536
2020/08/13,5.463443,43.263347
2015/04/09,5.443376,43.265727
2020/07/19,5.437399,43.260698
2014/08/08,5.454027,43.266493
2014/08/17,5.451894,43.274791
2010/10/31,5.439700,43.265535
2013/11/13,5.440902,43.256400
2003/08/28,5.456707,43.269879
2023/11/06,5.431442,43.253371
2014/07/25,5.445910,43.259717
2020/05/04,5.440378,43.260014
2018/11/19,5.434760,43.272750
2011/08/12,5.444039,43.252866
2016/07/22,5.444862,43.242896
2024/05/25,5.444627,43.256089
2016/07/28,5.446960,43.258771
2013/07/15,5.446579,43.258004
2005/06/25,5.445388,43.252407
2015/07/17,5.456467,43.255620
2010/09/27,5.446330,43.259822
2019/09/25,5.446824,43.256586
2015/03/04,5.437705,43.265001
2021/07/27,5.438111,43.253618
2007/09/30,5.442787,43.257034
2018/07/20,5.435249,43.259493
2001/07/23,5.439707,43.252995
2010/07/24,5.444125,43.250566
2002/10/14,5.448210,43.249599
2013/07/03,5.439133,43.260285
2017/08/25,5.440320,43.265556
2007/08/11,5.443276,43.247997
2002/07/31,5.447275,43.251014
2000/07/17,5.430385,43.234099
2009/09/05,5.462259,43.264652
2023/09/19,5.442102,43.251772
2009/08/31,5.438054,43.252419
2010/05/04,5.434001,43.254803
2019/07/02,5.446305,43.252541
2008/10/26,5.441092,43.254752
2010/09/25,5.443656,43.259358
2000/05/26,5.450617,43.261953
2007/06/05,5.448127,43.262572
2012/08/05,5.441899,43.257368
2017/07/29,5.435471,43.253800
2017/07/18,5.438168,43.262227
2013/06/09,5.443345,43.250981
2015/07/02,5.449678,43.252433
2017/07/20,5.447021,43.257394
2010/08/19,5.445343,43.257604
2015/05/20,5.446852,43.266722
2011/06/02,5.441662,43.257131
2015/05/04,5.440149,43.249608
2000/07/31,5.445635,43.267778
2020/09/02,5.443531,43.260527
2008/08/18,5.463005,43.223873
2014/08/04,5.454716,43.220790
2006/01/06,5.459653,43.215531
2010/11/11,5.453888,43.219497
2015/07/05,5.451474,43.223607
2017/08/14,5.448487,43.213372
2015/09/28,5.460214,43.231658
2010/08/09,5.448481,43.229556
2021/07/31,5.464101,43.238960
2003/08/20,5.461030,43.235151
2008/06/25,5.446900,43.220732
2006/09/26,5.450454,43.228367
2010/08/28,5.465265,43.214415
2018/10/12,5.459905,43.236711
2016/09/16,5.457288,43.228478
2007/01/05,5.458066,43.226098
2001/09/16,5.447617,43.229716
2010/08/08,5.452836,43.224677
2022/08/22,5.450851,43.220484
2001/09/27,5.450699,43.221466
2013/06/18,5.441949,43.227962
2009/09/06,5.450797,43.231786
2004/09/05,5.462066,43.225162
2010/05/25,5.459357,43.229620
2019/10/14,5.459313,43.222497
2023/10/02,5.446678,43.221269
2011/08/07,5.460089,43.211403
2023/12/28,5.451207,43.219799
2010/07/20,5.445609,43.223940
2004/07/24,5.459561,43.231054
2012/03/07,5.457445,43.218811
2013/10/26,5.456768,43.236235
2004/06/16,5.459454,43.235292
2004/06/30,5.457647,43.225126
2017/08/24,5.461412,43.228125
2013/08/31,5.454505,43.236952
2010/08/16,5.460414,43.218445
2000/05/12,5.463007,43.226776
2020/08/16,5.445629,43.221977
2005/09/21,5.453044,43.232538
2015/10/20,5.463028,43.217298
2008/09/05,5.462196,43.236643
2010/07/31,5.458603,43.231440
2024/08/05,5.452706,43.226718
2006/10/07,5.447322,43.217309
2018/05/16,5.458479,43.214364
2018/08/09,5.450637,43.221799
2011/07/06,5.450304,43.220429
2003/07/04,5.455645,43.233234
2003/05/06,5.450795,43.227911
2017/07/08,5.449294,43.228924
2014/08/29,5.454524,43.237948
2010/09/28,5.454551,43.222723
2023/07/16,5.453031,43.223815
2013/04/29,5.454632,43.222608
2000/09/10,5.464856,43.221739
2021/08/15,5.451141,43.227810
2012/10/07,5.455940,43.222704
2008/09/22,5.446260,43.224622
2013/07/30,5.447385,43.227647
2021/09/14,5.459427,43.224849
2012/07/26,5.460252,43.235187
2020/06/26,5.462605,43.235547
2016/08/21,5.460600,43.228575
2013/08/12,5.463445,43.230451
2002/06/03,5.459065,43.223302
2023/07/15,5.458659,43.215683
2009/10/04,5.466693,43.230125
2008/06/30,5.446708,43.236314
2008/11/20,5.457357,43.225894
2012/08/04,5.449864,43.223597
2009/10/18,5.463715,43.224616
2008/09/27,5.449715,43.223308
2015/08/30,5.439277,43.221323
2024/07/31,5.463266,43.222580
2016/05/03,5.458720,43.226084
2021/08/22,5.454059,43.223058
2003/09/06,5.453060,43.219716
2009/05/27,5.461662,43.223279
2011/07/23,5.457758,43.218680
2015/08/16,5.459074,43.230436
2023/06/01,5.449558,43.225093
2018/09/01,5.467120,43.226440
2014/08/27,5.456904,43.224972
2007/03/22,5.460127,43.223555
2010/09/09,5.463837,43.226377
2020/08/26,5.462310,43.225056
2014/07/21,5.454246,43.236947
2009/05/17,5.460311,43.227193
2014/09/06,5.462630,43.229939
2023/08/28,5.452904,43.220998
2012/07/22,5.450982,43.223019
2006/07/31,5.451697,43.224545
2013/05/16,5.454028,43.229979
2009/08/03,5.461324,43.228209
2001/07/02,5.455656,43.224944
2013/05/05,5.465356,43.222451
2014/09/12,5.465190,43.227858
2004/11/28,5.458023,43.236859
2015/05/18,5.452768,43.214628
2010/07/14,5.401292,43.227801
2004/10/06,5.408238,43.231694
2015/09/27,5.403309,43.226551
2000/07/25,5.391542,43.233591
2003/05/26,5.403129,43.231213
2009/09/01,5.403982,43.226229
2016/09/12,5.394351,43.236970
2003/08/23,5.394856,43.235842
2016/03/26,5.411974,43.230477
2008/05/28,5.400341,43.231157
2014/07/04,5.404568,43.219297
2016/07/12,5.398838,43.236309
2012/03/09,5.406378,43.230727
2017/05/31,5.406943,43.230888
2010/09/21,5.409049,43.231835
2003/08/24,5.407322,43.230649
2005/08/17,5.396651,43.231210
2014/09/07,5.404413,43.224602
2014/08/26,5.390418,43.233303
2010/05/11,5.401944,43.228844
2018/08/03,5.392258,43.235539
2017/07/10,5.397768,43.236472
2020/07/16,5.399076,43.232007
2006/07/26,5.392994,43.226390
2005/08/06,5.396593,43.234048
2014/05/20,5.395166,43.223616
2018/09/20,5.405440,43.231593
2001/08/22,5.381755,43.221551
2010/07/12,5.408164,43.223031
2019/04/06,5.405005,43.230625
2011/08/23,5.396530,43.236396
2013/07/03,5.404768,43.220068
2005/09/20,5.395740,43.237013
2001/06/10,5.403018,43.230415
2023/06/14,5.393500,43.236703
2019/06/24,5.392378,43.229642
2013/09/14,5.405100,43.231532
2021/10/04,5.385999,43.222086
2001/08/21,5.403180,43.231910
2014/07/02,5.389381,43.229865
2003/06/19,5.412109,43.221801
2011/09/18,5.395626,43.220971
2019/09/25,5.390584,43.234791
2021/08/18,5.406793,43.232018
2005/08/19,5.397474,43.229942
2002/08/27,5.406808,43.230573
2002/10/31,5.390175,43.221109
2003/04/04,5.396496,43.232147
2007/09/07,5.397842,43.236074
2023/10/13,5.397913,43.233290
2000/09/07,5.408121,43.231871
2004/05/25,5.388708,43.232177
2010/06/30,5.409659,43.231258
2004/04/14,5.414652,43.241236
2023/09/13,5.392913,43.228583
2007/10/23,5.393308,43.230664
2024/09/19,5.390591,43.226948
2024/09/22,5.391713,43.235833
2024/09/11,5.390938,43.212572
2024/07/18,5.400439,43.227643
2011/09/23,5.401570,43.231490
2007/09/20,5.404456,43.213705
2015/08/19,5.385055,43.228472
2001/07/13,5.392909,43.228467
2019/08/10,5.405401,43.219714
2004/07/07,5.357356,43.212042
2014/09/22,5.352912,43.219817
2012/09/15,5.372457,43.227310
2007/07/18,5.354318,43.210197
2005/03/08,5.370291,43.209974
2019/04/24,5.362185,43.215599
2020/05/28,5.352735,43.214771
2006/08/09,5.354031,43.213478
2000/08/02,5.352076,43.215494
2012/10/26,5.365909,43.221266
2022/07/16,5.349286,43.213801
2002/10/20,5.359191,43.226117
2010/07/29,5.362461,43.223499
2004/03/17,5.350155,43.213618
2015/09/08,5.366463,43.216360
2001/12/14,5.359560,43.225501
2018/08/20,5.375125,43.214016
2000/07/10,5.364279,43.215335
2001/06/29,5.344343,43.213198
2002/07/12,5.367183,43.210522
2004/06/04,5.351007,43.211900
2000/08/19,5.364230,43.215179
2007/08/16,5.361008,43.218745
2020/09/17,5.355952,43.215611
2022/06/22,5.350768,43.213073
2016/07/21,5.360229,43.210050
2014/07/19,5.353492,43.220187
2021/10/05,5.351600,43.214906
2020/09/12,5.355486,43.213602
2001/10/05,5.361037,43.214736
2017/07/12,5.359834,43.222093
2018/07/20,5.367127,43.225801
2020/08/14,5.355654,43.216093
2000/06/21,5.363901,43.215824
2007/06/09,5.363897,43.218006
2017/06/09,5.364486,43.213498
2001/10/09,5.358972,43.215688
2015/07/24,5.350052,43.223169
2022/07/08,5.348921,43.221160
2001/07/27,5.357358,43.214248
2002/07/18,5.350207,43.214038
2002/05/01,5.350256,43.212427
2015/08/19,5.365338,43.211371
2018/07/18,5.350568,43.215374
2008/06/03,5.360330,43.218076
2003/06/13,5.365111,43.213161
2019/08/01,5.354682,43.215602
2001/09/10,5.351939,43.213929
2003/05/20,5.361140,43.210215
2002/06/03,5.350536,43.213656
2002/07/31,5.358088,43.215113
2000/08/16,5.368748,43.213470
2000/06/20,5.361757,43.221827
2008/08/28,5.364821,43.210012
2013/05/02,5.356250,43.216624
2008/08/01,5.358299,43.210408
2014/02/11,5.360290,43.212884
2005/03/13,5.369960,43.223681
2004/07/23,5.362980,43.217065
2000/11/03,5.351106,43.213898
2003/07/15,5.353556,43.210339
2003/05/26,5.363152,43.208064
2019/12/11,5.364643,43.208189
2017/04/03,5.361677,43.212645
2014/07/08,5.359091,43.212168
2023/09/07,5.363505,43.218336
2018/06/12,5.354235,43.209929
2023/07/16,5.357949,43.209797
2016/07/01,5.516844,43.245105
2003/08/29,5.510956,43.235415
2005/08/02,5.510624,43.244224
2013/07/15,5.505566,43.237148
2016/09/16,5.502976,43.241374
2013/08/12,5.517939,43.235937
2005/11/24,5.507289,43.245748
2013/11/21,5.509069,43.240790
2004/08/23,5.512155,43.239940
2024/08/09,5.514151,43.236919
2011/07/03,5.509996,43.237269
2012/06/12,5.511181,43.244439
2009/09/21,5.515939,43.242423
2016/03/18,5.514844,43.237486
2023/05/20,5.514582,43.241968
2022/09/11,5.513194,43.235244
2021/08/13,5.509936,43.238020
2001/12/13,5.518879,43.241177
2015/06/14,5.510409,43.243713
2008/08/14,5.516195,43.242066
2016/07/31,5.504590,43.237320
2013/06/06,5.513388,43.238063
2015/07/01,5.506077,43.236441
2014/08/16,5.503891,43.239556
2012/08/12,5.509150,43.245537
2012/08/25,5.498330,43.253983
2007/07/27,5.504379,43.235021
2007/01/02,5.508183,43.244000
2024/08/05,5.515640,43.236185
2000/08/13,5.502457,43.242579
2009/07/11,5.505250,43.242328
2004/03/16,5.508001,43.236376
2014/08/09,5.513473,43.237367
2014/07/20,5.516778,43.246524
2006/07/24,5.502477,43.243946
2004/08/13,5.512889,43.244574
2015/08/09,5.514910,43.242013
2014/08/12,5.518873,43.244142
2011/10/27,5.513675,43.241446
2009/08/15,5.513756,43.243161
2024/09/29,5.518364,43.241489
2001/07/08,5.517791,43.239224
2018/07/28,5.518150,43.240291
2002/09/03,5.505103,43.227269
2024/08/31,5.506929,43.238635
2014/07/16,5.511557,43.238621
2005/06/22,5.506733,43.244813
2016/08/10,5.516135,43.240854
2005/07/13,5.508198,43.259235
2020/06/23,5.502836,43.242749
2021/09/27,5.504294,43.254398
2004/08/27,5.502907,43.256816
2012/09/02,5.470875,43.266512
2008/10/31,5.478103,43.277496
2018/08/19,5.484577,43.276337
2003/08/30,5.482745,43.283451
2003/04/01,5.504943,43.256503
2017/08/10,5.468359,43.278308
2009/09/26,5.465550,43.266626
2017/09/03,5.471361,43.281777
2021/09/08,5.468768,43.283260
2011/07/25,5.481519,43.276749
2004/01/31,5.455640,43.264290
2019/04/27,5.471375,43.283115
2016/10/11,5.467241,43.271525
2019/08/06,5.491581,43.275214
2009/09/22,5.479088,43.280627
2024/10/12,5.477487,43.273133
2021/09/18,5.468101,43.282494
2004/03/21,5.475254,43.275317
2009/09/29,5.477547,43.283678
2017/08/28,5.486352,43.282468
2019/07/01,5.478368,43.282058
2015/04/04,5.481561,43.279143
2004/07/09,5.476019,43.269141
2020/02/15,5.472894,43.263201
2007/12/15,5.468727,43.270102
2016/09/10,5.469831,43.279010
2018/07/05,5.468144,43.278275
2021/10/25,5.477418,43.270952
2021/09/04,5.478267,43.270752
2023/06/11,5.471033,43.280280
2023/09/06,5.467487,43.276556
2022/06/09,5.478820,43.266439
2010/08/13,5.463046,43.273597
2006/08/22,5.466584,43.278616
2012/07/14,5.479250,43.269598
2011/08/13,5.473764,43.276944
2019/07/07,5.478032,43.265617
2024/06/27,5.478445,43.279208
2003/06/14,5.467442,43.275618
2012/09/04,5.481753,43.278062
2000/08/01,5.479388,43.279679
2004/09/25,5.476891,43.275649
2009/08/23,5.469418,43.283299
2001/10/23,5.476185,43.276867
2024/07/20,5.476875,43.277076
2024/09/03,5.464348,43.268938
2002/07/15,5.476337,43.273872
2000/08/28,5.464295,43.270477
2002/09/03,5.473328,43.278086
2023/09/20,5.466395,43.265637
2021/07/19,5.480150,43.257586
2003/07/26,5.469346,43.274450
2003/01/21,5.481381,43.278890
2009/04/08,5.469667,43.278330
2021/07/14,5.469529,43.279177
2023/09/17,5.468834,43.281130
2019/08/07,5.472141,43.280017
2004/12/12,5.476152,43.278754
2012/08/19,5.486922,43.269232
2010/09/01,5.480245,43.282507
2001/10/09,5.478789,43.278345
2005/07/27,5.471569,43.274872
2013/06/02,5.477246,43.277126
2002/08/07,5.474521,43.274136
2024/09/08,5.470427,43.282683
2009/07/20,5.466576,43.272622
2010/07/06,5.473972,43.270339
2018/09/26,5.478302,43.283625
2017/08/07,5.472235,43.284597
2015/10/21,5.465589,43.275059
2006/08/21,5.479468,43.278836
2018/10/25,5.474560,43.277825
2008/08/23,5.479358,43.272645
2006/04/07,5.478378,43.267434
2001/07/04,5.473598,43.268497
2017/06/05,5.474047,43.278514
2016/09/20,5.475912,43.266447
2023/11/07,5.487846,43.265573
2007/07/22,5.468514,43.279615
2001/08/18,5.474773,43.273738
2003/06/27,5.482100,43.279163
2000/07/04,5.477386,43.280899
2004/08/25,5.478047,43.274381
2017/07/03,5.474989,43.277973
2016/09/03,5.474710,43.272055
2007/09/29,5.469193,43.260811
2011/09/24,5.464224,43.264400
2020/08/12,5.472400,43.280428
2003/08/02,5.479058,43.273680
2021/09/23,5.470364,43.267116
2001/07/03,5.473918,43.281919
2007/06/07,5.467401,43.280957
2022/07/16,5.471913,43.268840
2006/03/26,5.468930,43.282472
2018/09/24,5.478625,43.218645
2006/09/04,5.476530,43.233219
2024/06/19,5.466089,43.217449
2023/08/27,5.477560,43.219083
2016/08/10,5.461341,43.219726
2019/08/04,5.477017,43.214295
2004/06/08,5.473998,43.209114
2018/06/21,5.483391,43.219290
2007/08/19,5.477932,43.211647
2023/10/03,5.475823,43.227510
2013/09/14,5.473556,43.227319
2018/09/06,5.488656,43.230108
2019/08/26,5.484345,43.214962
2000/11/11,5.479846,43.218148
2002/10/18,5.476017,43.228778
2024/03/09,5.480844,43.225356
2024/07/15,5.472228,43.221445
2017/08/08,5.484896,43.220869
2005/09/12,5.478828,43.221990
2009/06/02,5.484448,43.221370
2006/07/26,5.484321,43.225969
2022/08/14,5.491909,43.217099
2019/08/02,5.475471,43.220741
2006/01/31,5.479763,43.222866
2023/08/21,5.482325,43.216315
2001/09/03,5.469833,43.222939
2011/10/23,5.483043,43.224697
2002/08/13,5.465549,43.234587
2024/09/17,5.483521,43.221681
2013/07/01,5.477551,43.228987
2018/08/26,5.473436,43.219338
2005/07/24,5.481918,43.213505
2013/07/10,5.476600,43.217056
2020/10/27,5.471729,43.217867
2024/06/14,5.473206,43.211439
2013/11/02,5.473647,43.223264
2004/05/29,5.466175,43.213977
2016/05/09,5.475410,43.218488
2004/06/10,5.474914,43.234950
2010/10/18,5.487860,43.224356
2003/10/13,5.475753,43.216504
2021/03/11,5.477021,43.228088
2016/09/04,5.483073,43.227096
2015/10/02,5.478384,43.216456
2009/09/14,5.478557,43.228148
2009/07/06,5.487547,43.228247
2012/10/09,5.483299,43.212592
2009/09/06,5.470987,43.219525
2024/07/19,5.501282,43.208766
2014/09/28,5.479451,43.218173
2003/08/29,5.483669,43.221634
2002/05/06,5.473548,43.223089
2006/05/17,5.473050,43.225939
2013/06/17,5.493309,43.222878
2012/08/22,5.468966,43.223140
2011/05/24,5.497705,43.207595
2011/10/31,5.477187,43.218275
2001/08/31,5.487078,43.222010
2002/08/25,5.477615,43.221759
2008/09/14,5.476691,43.208834
2002/08/11,5.491699,43.215138
2011/09/10,5.475786,43.220883
2024/09/20,5.476621,43.220568
2021/05/11,5.473560,43.222841
2014/05/14,5.465232,43.218512
2020/06/18,5.475953,43.212653
2003/07/22,5.478909,43.218741
2020/05/06,5.496774,43.206574
2004/08/11,5.481261,43.211994
2018/08/11,5.481425,43.220462
2020/10/08,5.472089,43.218729
2023/08/24,5.471790,43.223067
2010/09/30,5.472586,43.219579
2015/06/20,5.488293,43.209417
2006/09/29,5.473446,43.224003
2017/09/05,5.468898,43.219310
2007/05/02,5.475111,43.218877
2006/08/27,5.480918,43.217970
2018/09/07,5.474554,43.219016
2011/07/17,5.478536,43.221227
2010/04/29,5.491968,43.211411
2008/08/14,5.475035,43.219900
2000/08/14,5.480802,43.228307
2001/08/24,5.480748,43.213471
2001/09/26,5.471963,43.222918
2004/07/02,5.481688,43.221594
2002/04/19,5.474410,43.213311
2008/10/06,5.473679,43.224587
2018/08/07,5.482622,43.225615
2015/09/21,5.479761,43.231535
2001/08/27,5.480232,43.213673
2012/04/27,5.478982,43.218037
2015/06/29,5.482399,43.220245
2019/08/19,5.483956,43.217041
2023/04/03,5.483381,43.228820
2018/07/14,5.494018,43.224463
2020/07/31,5.477306,43.216635
2016/08/02,5.474482,43.219566
2016/07/22,5.480796,43.218643
2024/04/23,5.482633,43.220509
2002/05/02,5.421190,43.211688
2013/10/30,5.426196,43.210569
2009/05/13,5.425766,43.227039
2010/08/02,5.411425,43.209775
2006/08/11,5.423293,43.224288
2017/07/26,5.428077,43.215136
2006/09/30,5.429069,43.212770
2002/07/22,5.426595,43.209714
2012/08/24,5.430546,43.216790
2001/09/23,5.428815,43.212494
2023/06/14,5.429877,43.218331
2024/08/08,5.427205,43.211997
2021/06/13,5.425037,43.210219
2021/09/22,5.438809,43.220633
2009/05/07,5.423784,43.205086
2023/05/17,5.421618,43.211847
2004/08/10,5.427363,43.216849
2006/08/22,5.417860,43.207454
2002/07/29,5.421312,43.220860
2004/02/07,5.416146,43.208889
2007/09/18,5.432956,43.208747
2015/05/18,5.431688,43.216136
2011/08/10,5.431823,43.224072
2014/07/14,5.425531,43.219061
2023/09/07,5.433871,43.211108
2012/08/12,5.424170,43.213977
2013/08/18,5.417145,43.209819
2023/09/29,5.405466,43.214471
2007/08/28,5.434918,43.224189
2017/08/28,5.424283,43.212320
2005/08/03,5.437517,43.211715
2016/08/23,5.420489,43.220991
2011/06/01,5.420403,43.215927
2000/09/22,5.416711,43.216303
2022/08/29,5.421287,43.220646
2006/07/04,5.415650,43.210401
2012/07/04,5.419758,43.213281
2003/09/09,5.421045,43.216557
2019/03/11,5.432778,43.212999
2014/07/05,5.424256,43.206262
2013/01/10,5.418187,43.214648
2011/10/09,5.428188,43.223002
2014/08/27,5.420449,43.220250
2010/09/16,5.427692,43.215954
2009/10/20,5.420831,43.226380
2023/07/28,5.418813,43.208531
2008/09/16,5.430225,43.220612
2013/07/08,5.437271,43.218282
2015/05/27,5.420579,43.209398
2003/09/23,5.426559,43.226506
2003/11/08,5.426013,43.211622
2023/09/05,5.419364,43.225497
2012/08/02,5.422656,43.205674
2005/07/26,5.413453,43.220088
2018/10/16,5.427304,43.216857
2016/07/07,5.421577,43.211191
2008/07/03,5.430798,43.220927
2015/11/14,5.417217,43.217426
2001/09/11,5.431837,43.212858
2016/08/01,5.419415,43.224115
2001/09/03,5.424372,43.206556
2019/08/22,5.420776,43.221985
2004/08/01,5.420381,43.214517
2000/08/21,5.433272,43.211617
2012/06/15,5.425970,43.217644
2000/07/05,5.419326,43.217726
2017/07/13,5.423395,43.215612
2022/08/21,5.468756,43.241411
2002/08/12,5.463043,43.227605
2012/05/26,5.455666,43.230182
2019/09/17,5.468584,43.239307
2020/01/28,5.472775,43.228954
2003/06/25,5.473301,43.245219
2014/05/12,5.461838,43.227003
2002/08/28,5.463465,43.227631
2014/09/12,5.458773,43.221617
2022/06/06,5.462956,43.231469
2006/07/28,5.464487,43.239323
2022/03/30,5.465132,43.238288
2005/08/29,5.473825,43.226775
2003/07/20,5.458586,43.242683
2012/05/15,5.456735,43.229932
2004/09/09,5.474831,43.241392
2000/08/29,5.470651,43.241359
2002/04/01,5.469126,43.240019
2010/07/14,5.463212,43.234602
2010/03/01,5.471362,43.229280
2011/09/01,5.468495,43.233003
2023/09/21,5.463047,43.237845
2004/08/01,5.470261,43.233797
2002/08/03,5.466093,43.229233
2021/07/08,5.467411,43.234979
2023/09/21,5.459440,43.234913
2008/07/29,5.467602,43.240791
2010/08/27,5.464190,43.223633
2018/07/14,5.464373,43.230865
2013/05/30,5.453327,43.229627
2006/04/24,5.454951,43.239674
2001/09/23,5.471640,43.237274
2015/09/22,5.476208,43.232504
2007/02/09,5.466864,43.234816
2015/08/28,5.468679,43.240837
2022/07/10,5.462905,43.234025
2005/08/05,5.456215,43.241493
2016/08/12,5.490442,43.250446
2010/05/29,5.474423,43.232268
2021/07/20,5.460506,43.231375
2013/09/29,5.459876,43.237613
2004/09/19,5.463723,43.227388
2022/05/30,5.465894,43.231050
2023/08/29,5.469926,43.238587
2007/03/09,5.462843,43.242920
2000/09/17,5.461683,43.237028
2017/05/11,5.471569,43.230370
2018/08/05,5.458037,43.234721
2013/09/03,5.466022,43.245642
2024/09/07,5.458880,43.237132
2016/09/09,5.457624,43.234833
2022/09/29,5.467470,43.222352
2003/07/01,5.465178,43.229632
2003/09/28,5.463959,43.228822
2017/09/15,5.473064,43.240854
2003/07/08,5.470188,43.229514
2002/11/14,5.479786,43.237532
2020/09/25,5.469145,43.223767
2007/07/27,5.464285,43.225507
2016/09/19,5.466513,43.225588
2022/06/01,5.469563,43.236747
2020/07/23,5.468982,43.225075
2010/09/23,5.466825,43.240043
2001/07/16,5.466820,43.225702
2020/06/18,5.468876,43.225113
2008/08/17,5.474406,43.238015
2018/08/03,5.465537,43.238334
2010/07/14,5.464204,43.229233
2006/10/19,5.461189,43.234124
2020/01/10,5.465550,43.233815
2004/07/02,5.467422,43.234637
2003/06/28,5.469733,43.233823
2019/09/21,5.452256,43.240847
2024/08/06,5.472547,43.231277
2012/06/28,5.467837,43.234369
2019/06/24,5.462714,43.238482
2003/09/03,5.463222,43.243081
2006/08/17,5.457102,43.227786
2014/08/06,5.462882,43.232032
2018/06/05,5.453381,43.245968
2015/07/09,5.468610,43.227150
2002/06/07,5.462954,43.235602
2024/09/09,5.461453,43.243280
2009/09/19,5.470240,43.235684
2006/09/21,5.466111,43.226924
2024/08/03,5.452841,43.232453
2016/07/24,5.460262,43.238414
2017/06/17,5.473983,43.238134
2020/09/23,5.464853,43.227341
2009/08/20,5.462860,43.229071
2019/06/20,5.456649,43.223633
2009/08/04,5.459570,43.236078
2020/11/08,5.452312,43.240146
2022/07/24,5.457757,43.238742
2001/07/08,5.477925,43.225082
2007/09/28,5.465578,43.234169
2019/06/25,5.454817,43.231405
2010/10/14,5.460623,43.232700
2013/11/28,5.461697,43.226095
2022/08/22,5.466505,43.230748
2008/09/15,5.452279,43.251130
2022/08/25,5.454468,43.256623
2002/07/12,5.462693,43.257618
2018/01/11,5.451001,43.257449
2021/05/20,5.463202,43.252283
2021/07/30,5.459581,43.256394
2022/07/20,5.447165,43.246124
2004/07/03,5.459495,43.260373
2020/08/19,5.454749,43.248154
2013/09/07,5.464848,43.254676
2011/09/16,5.462033,43.260566
2000/08/30,5.450185,43.254062
2005/08/24,5.469525,43.252024
2001/05/05,5.461466,43.248545
2022/09/15,5.464642,43.263891
2024/08/28,5.456759,43.251993
2001/09/12,5.467813,43.257875
2003/06/10,5.458622,43.256659
2015/10/25,5.456789,43.249919
2015/06/03,5.465754,43.252781
2014/07/03,5.458072,43.258541
2003/09/14,5.462991,43.259764
2014/07/03,5.463887,43.246995
2010/08/02,5.462509,43.253038
2022/09/20,5.454838,43.253279
2017/07/26,5.450960,43.253971
2004/09/16,5.456748,43.255472
2011/09/10,5.452030,43.249702
2009/07/31,5.463475,43.259253
2018/09/01,5.458318,43.256095
2012/06/14,5.460371,43.249392
2012/07/29,5.462766,43.251742
2013/07/07,5.462105,43.249908
2006/07/24,5.449473,43.238493
2000/07/25,5.473382,43.258763
2005/08/15,5.460657,43.251073
2024/08/30,5.453546,43.246858
2001/05/11,5.454377,43.254400
2022/09/08,5.458909,43.252941
2006/07/19,5.465462,43.250889
2001/09/18,5.451573,43.261113
2002/07/07,5.462158,43.254604
2016/07/02,5.460182,43.261539
2003/06/09,5.468134,43.253285
2001/08/21,5.465892,43.259963
2022/06/19,5.465451,43.250520
2001/10/29,5.464817,43.261737
2018/09/26,5.455781,43.245424
2016/08/01,5.463976,43.261097
2006/08/28,5.452789,43.261624
2023/06/09,5.461727,43.257012
2010/07/05,5.448582,43.245770
2008/08/12,5.460689,43.259338
2007/09/15,5.456305,43.251811
2006/06/10,5.453254,43.256813
2005/10/27,5.460801,43.250808
2010/09/01,5.486755,43.257955
2019/05/29,5.463421,43.249282
2012/08/03,5.466081,43.245657
2024/09/13,5.449362,43.251194
2024/08/28,5.451019,43.266516
2014/08/08,5.461680,43.251284
2020/06/22,5.469532,43.256718
2002/09/25,5.454708,43.251659
2021/06/25,5.464323,43.253099
2021/04/26,5.455559,43.262579
2014/09/27,5.455916,43.256294
2006/09/02,5.464333,43.250735
2007/06/18,5.483163,43.252607
2008/09/08,5.465316,43.259960
2002/06/19,5.450201,43.245868
2002/08/22,5.463284,43.260495
2024/02/15,5.460205,43.239671
2010/11/08,5.450129,43.239797
2008/08/02,5.447995,43.247593
2014/12/01,5.453199,43.249917
2009/08/26,5.470266,43.252515
2000/06/02,5.462665,43.249633
2018/09/20,5.458916,43.258218
2008/07/10,5.450739,43.251910
2014/08/02,5.516025,43.243574
2013/09/20,5.457365,43.250748
2020/08/03,5.459774,43.256695
2011/09/07,5.460775,43.251198
2012/08/25,5.466967,43.262050
2005/05/16,5.470546,43.249939
2014/07/07,5.446440,43.262001
2000/10/11,5.451327,43.253209
2009/08/18,5.451587,43.249774
2012/09/03,5.446512,43.250954
2008/08/21,5.463520,43.257869
2024/08/28,5.455235,43.258068
2021/08/21,5.456987,43.260568
2004/09/15,5.467233,43.250878
2003/06/11,5.448900,43.256358
2004/09/08,5.461524,43.243785
2008/09/22,5.445552,43.255667
2012/04/23,5.463993,43.252753
2002/06/28,5.464155,43.258203
2024/07/16,5.468866,43.245489
2001/09/10,5.449712,43.241386
2007/07/06,5.458265,43.223651
2023/08/01,5.451181,43.219710
2007/09/09,5.469637,43.214229
2009/05/16,5.474373,43.217284
2002/09/29,5.470052,43.227046
2007/10/12,5.448449,43.228172
2012/08/24,5.451356,43.217574
2022/09/09,5.471468,43.230377
2011/03/03,5.453712,43.224668
2015/09/28,5.459044,43.225205
2019/07/25,5.453382,43.223499
2001/07/15,5.451033,43.230822
2022/08/21,5.464422,43.217563
2012/09/16,5.446562,43.214522
2000/06/04,5.456116,43.214262
2007/06/25,5.466701,43.215297
2016/08/30,5.453790,43.220886
2024/02/24,5.471229,43.216860
2007/05/01,5.463038,43.228605
2024/12/18,5.460158,43.220987
2015/09/19,5.453228,43.220919
2005/07/26,5.455927,43.223094
2009/06/06,5.454882,43.217660
2011/07/30,5.447626,43.224182
2005/11/28,5.465633,43.215416
2013/08/23,5.461597,43.224591
2001/07/02,5.466731,43.229920
2019/07/22,5.465012,43.217161
2006/04/08,5.462127,43.230468
2001/07/22,5.459877,43.220691
2018/08/19,5.469846,43.218303
2018/09/11,5.452556,43.229787
2012/10/31,5.467235,43.235332
2004/10/09,5.467549,43.229425
2006/09/26,5.459078,43.229391
2017/04/13,5.460081,43.210435
2024/08/15,5.448856,43.227063
2002/09/18,5.456135,43.228330
2006/08/06,5.465041,43.217115
2008/07/27,5.458549,43.224902
2021/07/16,5.450582,43.233588
2006/10/01,5.453807,43.219138
2016/08/21,5.467987,43.227975
2003/07/10,5.447142,43.214505
2019/06/11,5.441994,43.227039
2023/06/16,5.457874,43.222846
2004/09/19,5.462789,43.223253
2011/06/25,5.457661,43.228127
2017/06/17,5.461829,43.226053
2024/05/12,5.450762,43.221564
2022/09/18,5.462835,43.217472
2009/08/07,5.461707,43.214311
2021/05/05,5.460924,43.232607
2008/05/04,5.458702,43.220655
2009/07/14,5.450320,43.214095
2014/04/03,5.447906,43.232456
2000/08/03,5.460199,43.230863
2006/09/14,5.447130,43.214545
2001/07/18,5.447573,43.225218
2018/05/22,5.459647,43.217030
2013/08/02,5.455402,43.230310
2006/07/16,5.461027,43.221714
2011/06/04,5.444935,43.228549
2012/08/16,5.445239,43.223572
2010/08/09,5.463012,43.226702
2022/05/14,5.456036,43.219457
2012/07/25,5.461213,43.226590
2018/07/17,5.453436,43.216284
2015/05/01,5.452994,43.219656
2002/06/15,5.455911,43.215643
2022/12/20,5.454045,43.224263
2001/05/08,5.463898,43.220196
2004/06/11,5.453486,43.216224
2023/07/28,5.459448,43.218684
2011/08/26,5.457571,43.226571
2012/09/15,5.450615,43.232269
2024/10/08,5.460135,43.231472
2010/07/06,5.456171,43.216196
2005/10/21,5.472305,43.219232
2008/07/11,5.472222,43.220414
2013/03/04,5.462852,43.226749
2015/07/01,5.462919,43.223005
2008/08/26,5.448950,43.221671
2002/05/06,5.453152,43.215050
2023/07/18,5.453138,43.227417
2008/09/24,5.460881,43.215905
2011/08/22,5.455757,43.221584
2024/11/21,5.454780,43.220141
2020/10/11,5.447742,43.223467
2023/08/03,5.455055,43.223192
2024/07/25,5.469612,43.220038
2004/05/22,5.450878,43.224282
2013/07/27,5.451457,43.213839
2024/06/23,5.461138,43.214390
2012/08/30,5.458678,43.215733
2003/09/02,5.452923,43.214358
2019/07/15,5.461320,43.210434
2022/03/01,5.468038,43.220610
2002/08/15,5.467992,43.217392
2008/09/21,5.460266,43.217042
2011/04/08,5.471015,43.206666
2009/08/30,5.463658,43.214073
2023/05/17,5.474780,43.205936
2021/12/13,5.473796,43.213306
2012/08/14,5.462202,43.217325
2018/07/20,5.470575,43.210336
2015/08/07,5.472202,43.209863
2008/09/30,5.466475,43.216373
2024/02/25,5.469908,43.214173
2002/12/17,5.470156,43.228115
2019/08/08,5.468328,43.224826
2024/08/06,5.466391,43.215695
2008/08/14,5.473650,43.213110
2014/04/19,5.472551,43.207985
2010/06/17,5.455694,43.217313
2005/08/15,5.480058,43.209375
2016/09/03,5.479279,43.213164
2000/05/16,5.465147,43.220641
2018/05/22,5.477310,43.213315
2021/06/16,5.465749,43.212576
2010/06/17,5.474005,43.219247
2024/03/29,5.451216,43.211070
2003/06/07,5.474407,43.210503
2013/05/08,5.473786,43.209265
2006/09/13,5.460043,43.226421
2019/09/06,5.463005,43.211850
2007/08/12,5.475562,43.217453
2003/03/14,5.476687,43.217606
2006/10/01,5.470889,43.212093
2013/05/03,5.460908,43.211664
2011/08/24,5.463227,43.215908
2006/07/03,5.467259,43.220811
2011/04/07,5.461466,43.217021
2024/09/10,5.471877,43.206473
2000/08/13,5.463471,43.217088
2004/09/30,5.468579,43.213635
2012/09/12,5.462451,43.217157
2011/04/21,5.474202,43.215289
2012/03/10,5.467359,43.215345
2024/09/22,5.470636,43.211749
2009/06/21,5.478530,43.213243
2020/09/07,5.465964,43.221075
2016/05/08,5.466145,43.210702
2014/09/25,5.469010,43.213822
2020/09/26,5.474217,43.207980
2014/09/10,5.471099,43.219340
2007/08/17,5.464825,43.229960
2000/08/13,5.457664,43.214408
2009/07/10,5.482125,43.208434
2017/09/02,5.474313,43.210397
2015/02/12,5.464386,43.222086
2006/07/04,5.474426,43.217489
2020/05/01,5.462267,43.214373
2001/06/27,5.470758,43.218425
2022/08/12,5.472838,43.208277
2022/07/18,5.466465,43.214334
2010/10/22,5.472153,43.220673
2011/09/13,5.462908,43.217775
2006/06/03,5.468877,43.226673
2024/05/04,5.463724,43.213417
2019/09/08,5.469941,43.213113
2017/08/09,5.460105,43.213579
2022/06/15,5.471327,43.220353
2010/07/07,5.470873,43.209417
2016/07/10,5.467006,43.213682
2024/10/09,5.465858,43.211186
2009/09/01,5.461950,43.211509
2003/08/21,5.465369,43.215169
2024/07/08,5.474172,43.213578
2005/06/29,5.476213,43.205292
2006/06/03,5.469998,43.220569
2016/07/16,5.375750,43.221050
2019/07/11,5.378291,43.231997
2015/09/16,5.358282,43.223236
2014/06/15,5.366303,43.218742
2002/07/22,5.363950,43.219228
2020/08/27,5.359549,43.217569
2006/08/28,5.369763,43.223642
2009/07/04,5.378067,43.218568
2008/02/18,5.365283,43.226498
2018/10/19,5.372031,43.222751
2001/08/15,5.360925,43.223168
2004/06/04,5.368367,43.225583
2007/07/21,5.351429,43.229167
2008/03/02,5.362351,43.213010
2009/04/27,5.368630,43.207981
2022/09/16,5.365133,43.211117
2009/08/26,5.368801,43.222117
2007/08/24,5.367079,43.218863
2019/09/01,5.370092,43.231074
2001/08/01,5.366090,43.221890
2000/05/05,5.365880,43.229073
2007/08/14,5.372051,43.228249
2021/08/10,5.367965,43.213360
2017/06/28,5.379923,43.228278
2001/08/04,5.355401,43.220786
2005/12/16,5.377423,43.222917
2010/10/17,5.368840,43.219036
2020/09/19,5.373761,43.211851
2008/08/02,5.361545,43.221452
2024/09/15,5.368092,43.224865
2016/07/27,5.373355,43.225757
2016/07/07,5.369484,43.223401
2011/05/12,5.363340,43.220007
2004/07/27,5.373448,43.219516
2009/10/04,5.366101,43.225173
2023/09/05,5.368889,43.230779
2012/09/11,5.374304,43.218497
2024/08/08,5.365774,43.216418
2023/08/28,5.358950,43.219176
2016/06/06,5.361497,43.211301
2007/03/26,5.369429,43.219990
2001/08/14,5.364755,43.220997
2023/07/25,5.366142,43.227346
2021/09/20,5.364763,43.212090
2013/11/28,5.360980,43.224597
2003/04/21,5.378149,43.213048
2010/06/12,5.359624,43.211370
2003/07/07,5.367345,43.226803
2020/09/28,5.379587,43.214742
2022/09/10,5.377316,43.215265
2017/09/03,5.364313,43.225325
2000/10/23,5.366480,43.228131
2013/06/22,5.370438,43.218569
2014/06/26,5.380898,43.219803
2013/12/07,5.375130,43.229636
2002/09/20,5.368127,43.220248
2006/05/24,5.381916,43.222093
2007/06/25,5.370144,43.216186
2002/08/21,5.366813,43.222308
2017/02/20,5.378236,43.225797
2005/06/23,5.371433,43.216174
2014/07/10,5.373525,43.225295
2000/07/24,5.365136,43.217702
2009/05/20,5.366984,43.218672
2008/08/24,5.376802,43.215056
2023/10/27,5.368275,43.220711
2016/07/10,5.369958,43.221493
2005/07/30,5.373510,43.209733
2005/08/10,5.364454,43.218428
2013/10/02,5.368767,43.219359
2002/07/01,5.360215,43.216686
2017/09/20,5.377162,43.226998
2006/08/01,5.362498,43.210061
2004/05/20,5.376127,43.222962
2021/05/06,5.368864,43.223826
2000/10/13,5.360419,43.222212
2001/06/03,5.368802,43.221638
2002/08/01,5.365899,43.219790
2000/07/22,5.361945,43.223149
2001/09/19,5.365624,43.224236
2010/08/20,5.361654,43.221675
2008/08/20,5.371807,43.224318
2024/07/18,5.363204,43.228792
2017/08/17,5.361764,43.223299
2019/11/19,5.369637,43.217970
2022/09/14,5.373615,43.214879
2001/10/01,5.352856,43.219816
2024/06/16,5.366451,43.228089
2018/09/18,5.372508,43.216074
2018/08/17,5.377231,43.216425
2008/01/19,5.367232,43.215278
2017/09/06,5.363669,43.226154
2010/10/20,5.366682,43.209688
2016/11/25,5.370384,43.216128
2023/08/02,5.369953,43.210807
